EmployeeID,Age,Gender,MaritalStatus,City,Education,EducationField,Department,JobRole,BusinessTravel,MonthlyIncome,YearsAtCompany,YearsInCurrentRole,TotalWorkingYears,NumCompaniesWorked,DistanceFromHome,OverTime,JobSatisfaction,WorkLifeBalance,EnvironmentSatisfaction,PerformanceRating,TrainingTimesLastYear,Attrition
EMP1000,50,Male,Married,Kolkata,4,Other,Finance,Finance Manager,Travel_Rarely,69887,0,1,3,5,2,No,4,3,3,3,0,No
EMP1001,36,Female,Divorced,Chennai,4,Life Sciences,Operations,Operations Analyst,Travel_Rarely,66854,14,13,18,3,5,No,3,3,4,3,2,No
EMP1002,29,Male,Married,Delhi,3,Life Sciences,Operations,Operations Analyst,Travel_Frequently,61458,7,1,15,5,13,No,2,2,3,3,1,No
EMP1003,42,Male,Married,Pune,4,Technical Degree,Operations,Logistics Executive,Travel_Frequently,72398,11,10,13,3,16,No,2,3,1,3,5,No
EMP1004,40,Female,Married,Chennai,3,Marketing,Operations,Operations Manager,Travel_Rarely,113536,17,10,21,6,16,No,2,1,3,3,1,No
EMP1005,44,Male,Single,Chennai,1,Technical Degree,Finance,Finance Analyst,Travel_Frequently,66558,14,10,21,3,24,No,3,3,3,3,0,No
EMP1006,32,Female,Single,Pune,2,Other,HR,HR Executive,Travel_Rarely,81772,16,3,23,7,3,Yes,4,1,2,3,0,No
EMP1007,32,Male,Married,Delhi,5,Marketing,IT,Data Analyst,Travel_Rarely,61961,13,11,14,0,22,No,4,2,1,3,4,No
EMP1008,45,Female,Single,Pune,1,Human Resources,IT,Software Engineer,Travel_Frequently,74847,13,14,13,3,4,No,1,2,1,3,2,No
EMP1009,57,Female,Divorced,Mumbai,4,Medical,Sales,Sales Representative,Travel_Rarely,60726,17,9,27,3,11,No,3,1,2,4,0,No
EMP1010,45,Female,Divorced,Hyderabad,5,Human Resources,IT,Software Engineer,Non-Travel,86575,19,16,28,1,23,No,4,3,3,3,6,No
EMP1011,24,Female,Married,Pune,2,Other,IT,System Admin,Travel_Rarely,63067,17,9,20,2,26,No,3,2,4,3,1,No
EMP1012,43,Male,Single,Delhi,2,Marketing,Operations,Operations Analyst,Travel_Frequently,67418,15,13,17,5,14,No,1,4,1,3,1,No
EMP1013,23,Female,Single,Bangalore,3,Other,R&D,Research Analyst,Travel_Rarely,39198,0,1,4,5,29,No,1,2,1,3,3,Yes
EMP1014,45,Male,Single,Mumbai,5,Medical,Finance,Finance Analyst,Travel_Frequently,56001,10,6,18,6,3,No,1,3,3,4,0,No
EMP1015,51,Male,Married,Bangalore,3,Life Sciences,IT,Data Analyst,Travel_Frequently,68244,14,9,14,6,16,No,2,4,3,3,5,No
EMP1016,23,Male,Married,Kolkata,1,Life Sciences,Sales,Sales Executive,Non-Travel,73576,11,8,19,7,22,Yes,3,3,1,3,4,No
EMP1017,42,Male,Divorced,Pune,5,Other,Marketing,Brand Executive,Travel_Rarely,61119,7,2,13,3,15,Yes,1,1,3,3,2,Yes
EMP1018,54,Male,Married,Mumbai,1,Technical Degree,Marketing,Brand Executive,Travel_Frequently,82066,19,6,20,4,28,Yes,3,4,4,3,5,No
EMP1019,33,Female,Divorced,Hyderabad,3,Marketing,HR,HR Executive,Travel_Frequently,52845,5,3,8,5,10,Yes,2,3,1,3,4,No
EMP1020,43,Female,Divorced,Pune,5,Marketing,Finance,Finance Manager,Travel_Frequently,78673,2,3,3,6,9,Yes,2,4,4,3,1,No
EMP1021,46,Female,Single,Hyderabad,3,Life Sciences,Sales,Sales Executive,Travel_Frequently,75493,12,10,19,3,11,Yes,1,3,4,3,5,Yes
EMP1022,48,Male,Divorced,Chennai,5,Human Resources,Sales,Sales Representative,Travel_Frequently,52849,12,11,13,6,16,Yes,1,4,3,3,4,Yes
EMP1023,49,Female,Married,Bangalore,3,Medical,HR,Recruiter,Travel_Rarely,27316,1,0,11,7,10,No,4,3,4,3,1,No
EMP1024,37,Male,Single,Mumbai,2,Human Resources,HR,Recruiter,Travel_Rarely,38972,4,4,6,0,17,No,3,1,3,4,1,No
EMP1025,36,Male,Married,Hyderabad,3,Human Resources,R&D,Product Developer,Travel_Rarely,52422,16,9,23,0,19,No,1,4,2,3,1,No
EMP1026,24,Male,Single,Delhi,2,Other,Finance,Accountant,Travel_Rarely,36715,5,3,9,6,2,No,4,4,3,3,1,No
EMP1027,28,Male,Married,Hyderabad,3,Life Sciences,IT,Data Analyst,Non-Travel,48873,1,2,9,0,24,No,3,4,4,3,6,No
EMP1028,42,Female,Married,Delhi,5,Life Sciences,Operations,Operations Manager,Travel_Frequently,75266,3,0,7,6,23,No,1,4,2,3,1,No
EMP1029,30,Male,Married,Pune,5,Life Sciences,Marketing,Brand Executive,Non-Travel,67549,10,4,16,3,2,No,4,1,3,3,3,Yes
EMP1030,39,Male,Married,Mumbai,5,Other,R&D,R&D Engineer,Travel_Rarely,65316,7,4,14,1,6,Yes,4,4,4,3,5,No
EMP1031,25,Male,Married,Hyderabad,4,Technical Degree,Sales,Sales Executive,Non-Travel,64710,11,3,18,4,19,No,3,2,1,3,4,No
EMP1032,46,Male,Married,Kolkata,1,Human Resources,IT,Data Analyst,Non-Travel,57644,7,6,10,3,8,No,4,1,1,4,3,No
EMP1033,35,Male,Married,Hyderabad,5,Other,Sales,Sales Representative,Travel_Frequently,50589,10,9,17,1,26,No,3,2,3,3,6,No
EMP1034,30,Female,Married,Kolkata,2,Marketing,IT,System Admin,Travel_Frequently,66069,19,19,27,1,29,Yes,3,4,3,3,3,No
EMP1035,47,Male,Single,Mumbai,5,Medical,Sales,Sales Manager,Travel_Rarely,89167,7,5,9,5,3,Yes,3,3,1,3,0,No
EMP1036,23,Male,Married,Hyderabad,4,Technical Degree,Finance,Accountant,Non-Travel,35657,7,7,13,3,26,Yes,2,2,4,3,0,Yes
EMP1037,41,Male,Single,Delhi,2,Marketing,IT,Data Analyst,Travel_Frequently,69541,16,14,19,3,14,No,4,4,4,3,0,No
EMP1038,49,Female,Married,Hyderabad,4,Human Resources,HR,HR Executive,Travel_Rarely,84763,19,14,28,6,25,No,3,2,4,3,2,No
EMP1039,28,Female,Married,Bangalore,2,Life Sciences,HR,HR Manager,Travel_Rarely,106075,19,6,27,1,16,No,1,4,3,3,0,No
EMP1040,29,Female,Married,Pune,3,Human Resources,IT,Software Engineer,Non-Travel,78164,15,16,17,1,1,No,2,4,2,4,4,No
EMP1041,56,Female,Married,Chennai,1,Other,HR,HR Executive,Non-Travel,77158,13,7,14,1,21,No,2,4,2,3,3,No
EMP1042,35,Male,Divorced,Delhi,1,Medical,IT,System Admin,Non-Travel,42053,10,11,14,6,3,No,4,3,2,3,4,No
EMP1043,38,Male,Married,Bangalore,4,Other,Sales,Sales Executive,Travel_Frequently,60479,6,2,12,5,22,No,3,2,2,3,5,No
EMP1044,57,Female,Divorced,Kolkata,1,Technical Degree,HR,HR Manager,Travel_Rarely,100737,15,2,20,3,26,No,4,1,2,3,0,No
EMP1045,25,Female,Married,Pune,4,Technical Degree,IT,IT Support,Travel_Rarely,47217,12,4,20,1,18,No,2,1,3,3,6,Yes
EMP1046,23,Female,Single,Mumbai,4,Medical,Finance,Finance Manager,Travel_Rarely,105046,14,10,18,0,9,No,3,1,3,3,2,No
EMP1047,27,Female,Single,Delhi,4,Marketing,HR,HR Manager,Travel_Rarely,96447,15,2,15,3,6,Yes,1,1,2,3,5,Yes
EMP1048,25,Female,Married,Chennai,1,Marketing,Sales,Sales Executive,Travel_Rarely,62009,8,3,12,6,23,No,3,4,3,3,6,No
EMP1049,50,Female,Single,Pune,4,Technical Degree,Sales,Sales Representative,Travel_Rarely,24607,2,2,6,5,21,Yes,2,2,3,3,2,Yes
EMP1050,39,Female,Married,Kolkata,1,Technical Degree,Marketing,Marketing Manager,Travel_Rarely,105552,18,7,27,0,25,No,1,2,2,3,5,No
EMP1051,47,Female,Married,Chennai,4,Life Sciences,IT,Software Engineer,Non-Travel,84764,19,6,28,6,1,No,3,3,4,3,3,No
EMP1052,55,Female,Married,Mumbai,5,Marketing,Finance,Accountant,Travel_Rarely,37417,4,1,14,2,21,Yes,1,2,3,3,4,Yes
EMP1053,31,Female,Married,Mumbai,4,Medical,Marketing,Marketing Analyst,Non-Travel,62427,9,0,16,3,27,No,1,2,4,3,1,No
EMP1054,57,Male,Married,Kolkata,2,Marketing,Sales,Sales Representative,Travel_Frequently,61221,16,1,18,2,10,Yes,2,2,3,3,4,No
EMP1055,35,Female,Married,Delhi,4,Life Sciences,Marketing,Marketing Manager,Travel_Rarely,95671,14,7,21,6,27,Yes,1,3,3,3,0,Yes
EMP1056,52,Male,Married,Kolkata,3,Other,Finance,Finance Manager,Travel_Rarely,85519,7,7,15,6,6,No,4,1,2,3,6,No
EMP1057,36,Male,Married,Hyderabad,4,Technical Degree,Sales,Sales Representative,Travel_Rarely,51962,14,2,21,6,23,Yes,2,2,3,3,1,No
EMP1058,29,Female,Divorced,Mumbai,2,Technical Degree,IT,IT Support,Travel_Rarely,58734,13,7,18,1,12,No,4,3,1,3,2,Yes
EMP1059,35,Male,Single,Pune,2,Life Sciences,Operations,Logistics Executive,Travel_Frequently,91122,19,13,24,5,4,No,1,3,1,3,3,No
EMP1060,44,Male,Divorced,Hyderabad,1,Medical,IT,Data Analyst,Travel_Rarely,50177,6,3,14,1,28,No,4,4,2,3,3,No
EMP1061,42,Male,Married,Bangalore,5,Technical Degree,R&D,Product Developer,Travel_Rarely,45722,11,11,19,5,13,No,3,3,4,3,2,No
EMP1062,37,Male,Married,Chennai,4,Human Resources,IT,Software Engineer,Travel_Rarely,81906,16,12,22,4,17,Yes,1,1,4,3,0,Yes
EMP1063,39,Female,Single,Hyderabad,1,Technical Degree,Operations,Operations Analyst,Non-Travel,80712,16,15,23,1,27,No,3,2,4,3,2,No
EMP1064,45,Male,Married,Chennai,5,Human Resources,IT,Data Analyst,Travel_Frequently,60263,9,6,14,2,8,Yes,4,3,1,3,5,No
EMP1065,47,Male,Single,Kolkata,4,Life Sciences,Operations,Operations Manager,Travel_Frequently,114699,18,7,21,5,26,No,3,1,4,3,6,No
EMP1066,46,Male,Single,Hyderabad,3,Life Sciences,Finance,Finance Analyst,Travel_Rarely,66054,13,2,16,1,20,No,1,3,4,3,6,No
EMP1067,50,Female,Married,Kolkata,4,Technical Degree,Sales,Sales Executive,Travel_Frequently,69667,10,10,19,3,3,Yes,3,3,2,3,0,No
EMP1068,36,Female,Married,Bangalore,2,Marketing,Sales,Sales Executive,Travel_Frequently,53088,1,2,7,6,12,Yes,4,3,4,4,1,No
EMP1069,22,Male,Married,Mumbai,2,Human Resources,Sales,Sales Manager,Travel_Frequently,99808,17,0,20,5,7,No,4,3,1,3,2,No
EMP1070,46,Male,Divorced,Bangalore,3,Medical,Sales,Sales Manager,Non-Travel,86170,6,1,12,5,12,Yes,4,3,1,3,0,No
EMP1071,28,Male,Married,Mumbai,1,Technical Degree,Sales,Sales Manager,Travel_Rarely,97655,11,12,11,1,2,Yes,1,1,1,3,6,Yes
EMP1072,30,Female,Married,Kolkata,5,Medical,Finance,Finance Manager,Non-Travel,67725,1,1,6,4,24,No,4,2,2,3,1,No
EMP1073,45,Female,Single,Mumbai,4,Technical Degree,IT,IT Support,Non-Travel,68693,19,7,26,1,14,Yes,1,2,2,3,2,No
EMP1074,22,Male,Married,Chennai,2,Marketing,Operations,Operations Analyst,Travel_Rarely,80554,17,5,23,7,22,No,3,2,3,3,3,No
EMP1075,29,Male,Married,Pune,1,Marketing,Marketing,Marketing Manager,Travel_Rarely,82701,5,6,11,2,23,Yes,4,2,4,3,2,No
EMP1076,45,Male,Divorced,Bangalore,3,Marketing,Finance,Accountant,Non-Travel,39216,9,8,19,2,5,Yes,3,1,2,3,4,Yes
EMP1077,32,Female,Married,Hyderabad,2,Other,Operations,Operations Analyst,Travel_Rarely,77051,19,14,29,5,9,No,2,4,1,3,2,No
EMP1078,38,Male,Married,Bangalore,3,Marketing,Operations,Logistics Executive,Travel_Frequently,70197,14,1,16,5,21,Yes,3,4,1,3,4,No
EMP1079,29,Male,Single,Chennai,4,Life Sciences,IT,IT Support,Non-Travel,42191,4,4,11,1,11,No,2,1,2,3,1,Yes
EMP1080,56,Male,Divorced,Mumbai,5,Life Sciences,HR,Recruiter,Travel_Frequently,60806,19,7,19,2,5,Yes,3,1,2,3,2,No
EMP1081,56,Male,Married,Chennai,2,Other,HR,Recruiter,Travel_Rarely,32970,2,0,4,2,3,Yes,1,3,2,3,1,No
EMP1082,54,Female,Single,Delhi,2,Human Resources,HR,Recruiter,Travel_Frequently,28972,4,3,12,4,27,Yes,3,3,3,4,1,No
EMP1083,26,Male,Single,Delhi,4,Medical,HR,HR Executive,Travel_Rarely,65002,7,2,16,3,17,No,1,3,1,4,6,Yes
EMP1084,49,Female,Married,Hyderabad,1,Technical Degree,HR,Recruiter,Travel_Frequently,39634,7,7,12,4,2,No,1,2,3,3,0,No
EMP1085,28,Female,Single,Chennai,5,Technical Degree,Marketing,Brand Executive,Travel_Rarely,67704,7,8,8,7,24,No,4,3,3,3,1,No
EMP1086,30,Male,Divorced,Kolkata,2,Other,Operations,Operations Analyst,Travel_Frequently,64483,11,8,18,0,1,Yes,1,4,4,4,1,No
EMP1087,29,Male,Married,Hyderabad,5,Life Sciences,Sales,Sales Representative,Travel_Frequently,36123,7,5,8,6,7,Yes,2,2,1,3,6,Yes
EMP1088,33,Female,Single,Kolkata,2,Technical Degree,HR,Recruiter,Travel_Frequently,48790,10,7,18,4,14,No,4,3,1,3,6,No
EMP1089,55,Male,Married,Hyderabad,5,Life Sciences,Sales,Sales Executive,Travel_Frequently,77533,13,9,20,7,5,No,4,2,2,4,2,No
EMP1090,54,Male,Married,Delhi,3,Human Resources,IT,Data Analyst,Travel_Frequently,49224,7,8,7,1,19,No,3,4,2,3,6,No
EMP1091,44,Female,Married,Hyderabad,2,Medical,IT,System Admin,Travel_Frequently,51841,9,6,11,3,28,No,1,3,4,3,2,No
EMP1092,45,Male,Single,Delhi,5,Human Resources,Operations,Operations Manager,Travel_Rarely,91448,6,7,12,1,28,Yes,1,4,3,3,3,No
EMP1093,56,Male,Single,Mumbai,1,Other,IT,IT Support,Travel_Frequently,66586,16,5,26,6,11,No,2,4,2,3,6,No
EMP1094,43,Male,Married,Kolkata,3,Marketing,Operations,Logistics Executive,Travel_Rarely,55032,3,3,5,7,23,No,3,4,2,3,0,No
EMP1095,48,Female,Married,Chennai,3,Marketing,R&D,Product Developer,Non-Travel,45814,12,7,13,0,25,Yes,3,3,1,3,1,No
EMP1096,56,Male,Married,Hyderabad,1,Marketing,Sales,Sales Representative,Travel_Rarely,39001,3,2,10,3,2,Yes,4,1,1,3,0,No
EMP1097,22,Male,Married,Delhi,5,Human Resources,Operations,Operations Analyst,Travel_Rarely,44106,4,1,8,5,8,No,4,3,2,3,4,No
EMP1098,56,Male,Married,Bangalore,4,Technical Degree,Finance,Finance Manager,Travel_Frequently,71124,3,2,8,2,9,No,4,4,1,3,6,No
EMP1099,35,Male,Single,Kolkata,1,Medical,IT,IT Support,Travel_Rarely,57246,17,16,26,4,27,No,2,3,4,3,1,No
EMP1100,24,Male,Married,Hyderabad,5,Marketing,IT,Software Engineer,Travel_Rarely,68380,5,3,11,7,3,Yes,2,4,2,3,0,No
EMP1101,22,Male,Divorced,Pune,1,Other,Operations,Operations Analyst,Travel_Frequently,39931,1,2,11,1,2,Yes,4,1,1,4,6,Yes
EMP1102,26,Male,Married,Mumbai,1,Other,Finance,Finance Analyst,Travel_Frequently,68567,10,3,11,0,7,No,3,2,4,3,6,No
EMP1103,47,Male,Married,Mumbai,2,Marketing,Operations,Operations Manager,Travel_Frequently,105038,13,4,18,2,5,No,2,1,1,3,3,Yes
EMP1104,35,Male,Single,Bangalore,5,Marketing,Marketing,Marketing Manager,Travel_Rarely,85317,4,3,14,4,21,No,3,1,1,3,3,No
EMP1105,48,Male,Single,Delhi,4,Medical,Finance,Accountant,Travel_Frequently,44616,5,0,13,2,26,Yes,3,2,1,3,1,No
EMP1106,30,Male,Married,Hyderabad,2,Marketing,R&D,Research Analyst,Travel_Rarely,55971,9,4,15,4,5,Yes,1,3,2,3,4,Yes
EMP1107,36,Male,Divorced,Kolkata,1,Medical,Finance,Finance Analyst,Travel_Frequently,51017,7,3,12,7,20,No,4,2,3,3,3,No
EMP1108,36,Female,Married,Delhi,1,Other,Finance,Finance Manager,Travel_Frequently,98415,13,4,23,5,13,No,1,3,1,3,3,No
EMP1109,47,Male,Married,Mumbai,1,Marketing,Finance,Finance Manager,Travel_Frequently,71415,2,2,9,3,21,No,4,3,4,3,4,No
EMP1110,34,Male,Married,Delhi,5,Human Resources,Sales,Sales Manager,Travel_Rarely,99782,11,5,19,7,29,No,4,4,2,3,0,No
EMP1111,53,Male,Single,Mumbai,5,Human Resources,Operations,Operations Analyst,Travel_Rarely,68096,15,2,15,2,20,No,3,4,2,3,3,No
EMP1112,53,Female,Married,Delhi,2,Other,IT,System Admin,Travel_Rarely,53609,16,4,25,2,29,No,4,2,4,3,2,Yes
EMP1113,25,Female,Single,Bangalore,4,Medical,IT,System Admin,Travel_Rarely,20717,0,0,1,2,6,Yes,3,1,1,3,5,Yes
EMP1114,51,Male,Single,Chennai,2,Human Resources,Marketing,Brand Executive,Travel_Rarely,61561,9,3,12,3,20,No,3,2,3,3,5,No
EMP1115,44,Male,Divorced,Bangalore,3,Medical,HR,HR Manager,Travel_Frequently,92208,9,6,19,0,18,No,4,3,1,3,3,No
EMP1116,36,Female,Married,Bangalore,1,Human Resources,IT,Data Analyst,Travel_Rarely,48757,1,2,11,4,25,No,3,4,4,4,0,No
EMP1117,50,Male,Married,Chennai,1,Human Resources,Finance,Accountant,Non-Travel,49625,8,2,12,7,2,Yes,3,2,2,3,6,Yes
EMP1118,57,Male,Single,Chennai,1,Medical,Operations,Operations Analyst,Travel_Rarely,71893,12,11,15,7,25,Yes,3,2,3,3,0,No
EMP1119,34,Male,Single,Hyderabad,2,Technical Degree,IT,Data Analyst,Travel_Frequently,77662,15,6,16,5,26,Yes,2,4,2,3,1,No
EMP1120,53,Male,Single,Kolkata,2,Human Resources,Operations,Logistics Executive,Travel_Frequently,80782,17,2,23,2,6,Yes,3,4,4,3,2,No
EMP1121,28,Female,Single,Kolkata,1,Marketing,Operations,Logistics Executive,Travel_Rarely,86152,18,13,19,6,9,Yes,2,4,1,3,0,Yes
EMP1122,43,Female,Married,Hyderabad,2,Other,Sales,Sales Representative,Travel_Rarely,43048,11,6,21,7,25,No,2,3,3,3,4,Yes
EMP1123,49,Male,Single,Bangalore,5,Technical Degree,Sales,Sales Manager,Travel_Frequently,88549,7,5,8,3,3,No,3,4,2,3,2,No
EMP1124,23,Male,Married,Bangalore,5,Medical,Finance,Finance Manager,Travel_Rarely,108618,16,17,23,0,1,No,3,1,2,3,5,No
EMP1125,27,Female,Single,Mumbai,2,Technical Degree,IT,System Admin,Non-Travel,56307,14,14,16,7,1,Yes,2,2,2,3,2,No
EMP1126,49,Female,Single,Mumbai,1,Life Sciences,HR,Recruiter,Travel_Frequently,48287,9,6,13,4,19,No,2,4,1,3,4,Yes
EMP1127,49,Female,Single,Kolkata,2,Life Sciences,Finance,Accountant,Non-Travel,55905,14,1,14,3,5,No,3,4,3,3,3,No
EMP1128,41,Female,Married,Hyderabad,2,Human Resources,IT,IT Support,Travel_Rarely,57993,14,6,14,5,13,Yes,3,3,1,3,4,No
EMP1129,51,Female,Married,Pune,2,Human Resources,IT,Data Analyst,Travel_Frequently,57338,6,6,11,5,19,No,4,3,1,3,4,No
EMP1130,32,Female,Married,Pune,3,Marketing,IT,Data Analyst,Travel_Frequently,64578,12,6,12,4,12,No,2,2,1,3,3,No
EMP1131,49,Male,Married,Hyderabad,5,Other,Finance,Finance Manager,Travel_Frequently,110834,16,0,20,2,16,No,2,1,4,3,3,No
EMP1132,46,Male,Married,Mumbai,4,Technical Degree,IT,System Admin,Travel_Rarely,37620,8,9,13,5,25,No,4,2,4,3,3,Yes
EMP1133,54,Female,Single,Kolkata,4,Life Sciences,Finance,Finance Analyst,Travel_Frequently,55548,7,6,12,0,25,Yes,2,4,4,4,3,No
EMP1134,22,Male,Single,Kolkata,3,Human Resources,Sales,Sales Executive,Travel_Rarely,85381,19,15,25,3,19,No,1,1,3,3,3,Yes
EMP1135,48,Female,Married,Mumbai,2,Other,Finance,Finance Analyst,Travel_Frequently,73780,17,0,19,7,3,No,2,1,1,3,4,No
EMP1136,34,Male,Married,Pune,3,Technical Degree,IT,Data Analyst,Travel_Rarely,70142,12,5,15,0,12,No,4,1,1,3,1,No
EMP1137,24,Male,Single,Delhi,3,Human Resources,Marketing,Brand Executive,Non-Travel,84838,15,9,23,2,5,No,1,1,4,3,1,Yes
EMP1138,27,Male,Divorced,Delhi,1,Human Resources,IT,Data Analyst,Travel_Rarely,54792,8,6,14,0,2,Yes,3,2,1,3,0,No
EMP1139,29,Male,Married,Mumbai,5,Life Sciences,R&D,Product Developer,Non-Travel,55759,11,6,20,0,22,Yes,4,3,1,3,1,No
EMP1140,48,Female,Single,Delhi,4,Life Sciences,Finance,Accountant,Non-Travel,44941,11,8,21,1,7,No,4,3,2,3,5,No
EMP1141,30,Female,Married,Chennai,2,Human Resources,HR,Recruiter,Non-Travel,35695,5,5,7,0,13,Yes,3,4,1,3,1,No
EMP1142,54,Female,Married,Hyderabad,4,Medical,Operations,Operations Analyst,Travel_Frequently,77401,18,17,20,4,25,No,4,3,2,3,4,No
EMP1143,45,Female,Married,Hyderabad,4,Human Resources,IT,System Admin,Travel_Rarely,46456,6,3,8,3,15,Yes,2,3,1,3,3,Yes
EMP1144,36,Male,Married,Mumbai,5,Other,IT,System Admin,Non-Travel,37097,2,3,3,1,22,Yes,3,3,3,3,3,No
EMP1145,53,Male,Single,Bangalore,4,Human Resources,Sales,Sales Representative,Travel_Rarely,59169,15,7,24,3,3,No,4,3,4,3,6,No
EMP1146,53,Male,Married,Pune,4,Marketing,IT,System Admin,Travel_Frequently,60197,17,8,23,3,28,No,3,4,2,3,6,No
EMP1147,45,Male,Married,Mumbai,3,Marketing,IT,IT Support,Travel_Frequently,61258,15,13,24,2,21,No,3,2,4,3,6,No
EMP1148,33,Male,Married,Delhi,5,Marketing,IT,Software Engineer,Travel_Frequently,62450,6,7,16,2,20,No,3,1,2,3,4,No
EMP1149,23,Male,Married,Pune,1,Medical,Marketing,Brand Executive,Travel_Rarely,54975,3,0,6,1,5,No,1,3,2,3,5,Yes
EMP1150,24,Male,Single,Bangalore,2,Medical,Sales,Sales Representative,Travel_Frequently,42432,7,6,14,5,24,Yes,4,2,2,3,1,Yes
EMP1151,38,Female,Married,Delhi,4,Human Resources,IT,Software Engineer,Non-Travel,74874,12,5,21,6,8,Yes,1,3,3,3,4,Yes
EMP1152,23,Female,Single,Kolkata,2,Marketing,IT,IT Support,Travel_Rarely,45553,12,10,14,2,22,Yes,4,3,1,4,0,No
EMP1153,23,Male,Married,Chennai,1,Medical,Sales,Sales Representative,Non-Travel,64770,16,12,19,6,1,Yes,2,1,2,3,3,Yes
EMP1154,49,Female,Married,Delhi,2,Life Sciences,IT,IT Support,Travel_Rarely,53012,16,5,23,2,8,Yes,2,1,3,3,6,No
EMP1155,44,Female,Single,Chennai,1,Human Resources,Finance,Finance Analyst,Travel_Rarely,51378,4,3,14,2,24,Yes,2,1,2,3,2,Yes
EMP1156,53,Male,Married,Pune,3,Other,IT,IT Support,Travel_Rarely,31881,5,1,9,3,18,Yes,4,3,1,3,0,No
EMP1157,54,Female,Single,Chennai,4,Technical Degree,Sales,Sales Manager,Travel_Rarely,107799,18,19,25,1,20,No,3,3,2,4,6,No
EMP1158,22,Female,Single,Pune,1,Human Resources,IT,Data Analyst,Non-Travel,73597,12,8,16,3,28,Yes,3,3,3,3,5,No
EMP1159,40,Male,Married,Pune,2,Technical Degree,Sales,Sales Manager,Travel_Rarely,104240,13,0,23,7,16,Yes,1,1,1,3,0,Yes
EMP1160,23,Male,Married,Pune,4,Marketing,Marketing,Marketing Analyst,Travel_Rarely,54675,3,3,3,4,18,No,1,4,3,3,4,No
EMP1161,47,Male,Divorced,Pune,3,Technical Degree,Sales,Sales Representative,Travel_Rarely,36586,6,0,13,3,20,No,2,2,1,3,1,No
EMP1162,53,Male,Married,Pune,4,Marketing,Finance,Finance Manager,Travel_Frequently,87622,7,1,11,6,12,No,1,4,1,4,3,Yes
EMP1163,27,Male,Single,Delhi,1,Life Sciences,R&D,R&D Engineer,Travel_Frequently,77430,12,10,22,6,13,No,4,3,4,3,5,No
EMP1164,53,Female,Married,Pune,3,Technical Degree,IT,Data Analyst,Travel_Rarely,51447,5,3,13,4,13,Yes,4,3,4,4,5,No
EMP1165,25,Male,Single,Delhi,2,Human Resources,Marketing,Brand Executive,Travel_Rarely,52345,5,1,7,0,10,No,1,4,4,3,2,No
EMP1166,32,Male,Divorced,Pune,3,Marketing,HR,HR Executive,Non-Travel,44075,2,3,3,0,7,Yes,1,3,1,3,0,Yes
EMP1167,38,Female,Married,Chennai,3,Human Resources,Operations,Logistics Executive,Travel_Rarely,53548,2,1,9,4,25,Yes,1,2,2,3,2,Yes
EMP1168,45,Female,Married,Kolkata,5,Medical,IT,IT Support,Travel_Rarely,58211,12,0,17,4,14,No,1,3,3,3,1,No
EMP1169,26,Male,Single,Pune,3,Marketing,Operations,Logistics Executive,Travel_Rarely,47877,1,1,10,3,24,Yes,2,2,3,3,6,Yes
EMP1170,55,Male,Married,Bangalore,3,Technical Degree,Sales,Sales Representative,Travel_Frequently,56785,15,12,19,4,16,Yes,2,4,3,3,1,No
EMP1171,27,Male,Married,Pune,4,Marketing,Sales,Sales Representative,Travel_Rarely,34922,5,2,15,7,15,No,1,4,4,3,6,No
EMP1172,43,Female,Married,Pune,2,Human Resources,Sales,Sales Executive,Travel_Frequently,62090,7,3,13,1,12,No,4,3,1,3,2,No
EMP1173,32,Male,Single,Chennai,4,Life Sciences,Finance,Finance Analyst,Travel_Rarely,51330,7,7,11,0,9,Yes,2,2,4,3,3,No
EMP1174,37,Male,Single,Hyderabad,4,Marketing,Operations,Operations Manager,Non-Travel,79686,5,2,12,0,8,Yes,4,3,2,3,1,No
EMP1175,54,Female,Divorced,Chennai,1,Technical Degree,Operations,Operations Analyst,Travel_Rarely,75407,13,5,17,7,18,No,3,1,1,3,2,No
EMP1176,30,Male,Married,Bangalore,4,Medical,Sales,Sales Representative,Travel_Frequently,25902,2,3,5,5,23,No,4,1,3,3,0,Yes
EMP1177,27,Female,Married,Hyderabad,5,Other,Marketing,Brand Executive,Travel_Rarely,72198,9,4,15,7,18,No,1,1,4,3,2,No
EMP1178,37,Female,Single,Mumbai,5,Life Sciences,IT,Software Engineer,Travel_Rarely,61205,2,3,9,7,13,Yes,3,1,4,3,2,No
EMP1179,50,Male,Divorced,Mumbai,1,Medical,IT,IT Support,Travel_Frequently,46670,11,4,12,4,28,No,2,3,2,3,4,No
EMP1180,24,Female,Single,Bangalore,2,Marketing,Sales,Sales Manager,Travel_Rarely,104143,16,2,19,2,27,Yes,2,1,2,3,1,Yes
EMP1181,41,Male,Married,Chennai,2,Human Resources,Operations,Operations Analyst,Non-Travel,56179,4,3,10,2,18,No,3,2,4,3,3,No
EMP1182,57,Female,Married,Delhi,4,Human Resources,Sales,Sales Executive,Non-Travel,80059,19,0,28,7,15,Yes,4,4,2,3,3,No
EMP1183,40,Male,Single,Bangalore,4,Technical Degree,Finance,Accountant,Non-Travel,36140,8,8,13,4,4,No,2,4,3,3,4,No
EMP1184,47,Female,Married,Kolkata,4,Human Resources,Operations,Operations Manager,Travel_Rarely,104789,19,1,28,1,17,No,1,1,2,4,6,Yes
EMP1185,24,Male,Single,Hyderabad,2,Life Sciences,Sales,Sales Executive,Travel_Frequently,63818,6,5,10,2,5,Yes,3,1,2,3,5,Yes
EMP1186,40,Female,Single,Hyderabad,3,Human Resources,IT,Software Engineer,Travel_Rarely,51016,3,1,7,5,22,Yes,1,1,4,3,6,Yes
EMP1187,41,Female,Married,Pune,5,Technical Degree,HR,HR Executive,Non-Travel,77374,12,10,12,6,16,Yes,3,3,4,3,3,No
EMP1188,53,Male,Divorced,Mumbai,3,Other,IT,Software Engineer,Travel_Frequently,81540,12,1,22,4,9,No,2,4,1,3,2,No
EMP1189,28,Female,Married,Hyderabad,3,Marketing,IT,Software Engineer,Non-Travel,63464,9,10,15,7,10,No,4,1,1,3,4,No
EMP1190,54,Male,Married,Bangalore,2,Marketing,IT,System Admin,Travel_Rarely,58471,17,1,21,1,24,No,3,2,4,3,0,No
EMP1191,39,Male,Single,Hyderabad,3,Human Resources,Finance,Finance Analyst,Travel_Frequently,68827,16,0,16,1,18,Yes,3,1,2,3,1,No
EMP1192,22,Male,Single,Bangalore,1,Medical,IT,Data Analyst,Travel_Rarely,84220,19,7,28,3,17,Yes,1,4,2,4,1,No
EMP1193,32,Male,Single,Delhi,4,Marketing,Finance,Finance Analyst,Travel_Frequently,81711,19,6,29,1,18,Yes,2,1,1,3,1,Yes
EMP1194,49,Male,Single,Pune,1,Other,Operations,Logistics Executive,Travel_Rarely,69956,12,13,12,2,7,No,1,4,1,3,2,No
EMP1195,46,Female,Single,Mumbai,5,Human Resources,Finance,Accountant,Travel_Frequently,52089,16,0,25,7,4,No,2,1,1,3,0,No
EMP1196,44,Male,Married,Hyderabad,4,Technical Degree,Finance,Finance Manager,Travel_Frequently,75815,3,4,10,6,26,No,1,2,3,3,4,No
EMP1197,52,Female,Single,Bangalore,3,Other,Finance,Finance Analyst,Travel_Frequently,37851,0,0,4,2,5,No,3,1,3,4,4,Yes
EMP1198,51,Male,Single,Chennai,5,Human Resources,IT,IT Support,Travel_Rarely,22843,0,0,3,4,28,Yes,1,2,1,3,1,Yes
EMP1199,56,Female,Married,Mumbai,4,Other,IT,System Admin,Travel_Frequently,60917,14,4,23,6,23,No,4,2,2,3,0,No
EMP1200,28,Female,Married,Delhi,3,Marketing,Marketing,Marketing Analyst,Travel_Rarely,69076,12,7,17,4,16,Yes,2,1,1,3,0,Yes
EMP1201,37,Male,Single,Bangalore,1,Technical Degree,Finance,Finance Manager,Travel_Rarely,109363,16,3,19,1,3,No,2,2,3,3,0,No
EMP1202,47,Female,Divorced,Kolkata,4,Human Resources,HR,Recruiter,Travel_Rarely,43117,7,3,17,5,26,No,3,3,2,4,3,Yes
EMP1203,23,Male,Divorced,Kolkata,3,Life Sciences,IT,Data Analyst,Travel_Rarely,80926,17,14,20,0,18,Yes,2,1,3,3,3,Yes
EMP1204,22,Female,Single,Pune,1,Technical Degree,IT,IT Support,Travel_Rarely,50543,12,11,21,6,29,Yes,4,1,2,3,1,Yes
EMP1205,33,Male,Married,Pune,5,Life Sciences,Marketing,Marketing Manager,Travel_Frequently,96901,13,4,17,7,23,No,1,2,3,4,0,Yes
EMP1206,26,Female,Married,Delhi,5,Other,Sales,Sales Representative,Travel_Rarely,34969,7,5,17,3,21,Yes,3,2,2,4,5,Yes
EMP1207,53,Male,Married,Delhi,5,Medical,HR,Recruiter,Travel_Rarely,35094,7,2,17,0,14,Yes,4,1,2,3,0,Yes
EMP1208,30,Male,Married,Pune,5,Technical Degree,IT,IT Support,Non-Travel,54124,14,3,24,1,15,No,2,3,2,3,4,No
EMP1209,56,Female,Married,Hyderabad,2,Other,IT,System Admin,Travel_Rarely,51347,12,12,14,1,17,Yes,2,2,2,3,4,No
EMP1210,40,Male,Married,Hyderabad,4,Life Sciences,Marketing,Brand Executive,Travel_Frequently,55195,6,2,16,7,1,No,4,2,4,3,1,Yes
EMP1211,37,Male,Married,Bangalore,4,Marketing,Sales,Sales Manager,Travel_Frequently,74404,4,2,5,0,25,No,1,4,3,3,5,No
EMP1212,24,Male,Married,Chennai,2,Marketing,Operations,Operations Analyst,Non-Travel,78556,16,3,26,3,21,No,1,3,3,3,0,No
EMP1213,41,Male,Married,Bangalore,3,Medical,Sales,Sales Executive,Travel_Frequently,76940,15,0,25,6,17,Yes,3,3,4,3,6,No
EMP1214,45,Male,Married,Chennai,3,Technical Degree,Operations,Operations Analyst,Travel_Frequently,41290,1,1,1,6,23,No,2,1,2,3,5,Yes
EMP1215,54,Male,Married,Delhi,5,Technical Degree,Sales,Sales Executive,Non-Travel,77982,17,18,21,0,25,No,4,3,2,3,1,No
EMP1216,45,Male,Single,Mumbai,1,Technical Degree,Sales,Sales Manager,Travel_Rarely,109515,16,12,23,4,11,No,1,1,3,3,4,Yes
EMP1217,32,Male,Single,Bangalore,3,Other,Finance,Finance Analyst,Non-Travel,59205,6,6,6,2,17,No,3,4,4,3,6,No
EMP1218,29,Female,Married,Bangalore,1,Medical,R&D,Product Developer,Travel_Rarely,49555,12,11,21,5,26,Yes,2,3,2,3,4,Yes
EMP1219,57,Male,Single,Chennai,4,Technical Degree,Marketing,Brand Executive,Non-Travel,81954,17,6,22,4,14,No,2,2,2,3,3,No
EMP1220,41,Male,Single,Delhi,1,Other,Finance,Finance Analyst,Travel_Rarely,73748,13,1,15,6,29,No,3,4,2,3,1,No
EMP1221,56,Male,Single,Delhi,4,Marketing,Marketing,Brand Executive,Travel_Frequently,78713,17,18,18,2,20,Yes,3,1,1,3,1,No
EMP1222,46,Male,Single,Kolkata,2,Life Sciences,Sales,Sales Executive,Travel_Rarely,67092,12,11,16,5,19,No,1,4,4,3,0,No
EMP1223,56,Female,Divorced,Chennai,2,Other,R&D,Research Analyst,Travel_Frequently,59159,10,10,15,5,21,No,4,1,2,3,0,Yes
EMP1224,46,Male,Married,Delhi,5,Marketing,IT,Software Engineer,Travel_Rarely,81308,15,7,21,5,7,No,2,4,1,3,3,No
EMP1225,50,Male,Divorced,Pune,3,Marketing,Operations,Logistics Executive,Non-Travel,82266,16,3,18,1,24,No,4,1,4,3,6,Yes
EMP1226,39,Female,Married,Hyderabad,5,Life Sciences,Operations,Logistics Executive,Non-Travel,61478,7,4,10,7,13,Yes,2,3,2,3,2,No
EMP1227,39,Female,Married,Kolkata,4,Marketing,Operations,Operations Analyst,Travel_Rarely,79476,18,19,20,5,18,No,2,2,3,3,5,No
EMP1228,23,Male,Single,Pune,5,Medical,IT,Data Analyst,Non-Travel,86971,19,3,27,3,23,No,4,1,1,3,2,No
EMP1229,56,Female,Married,Mumbai,1,Life Sciences,IT,Software Engineer,Travel_Frequently,87616,14,1,19,0,14,No,3,4,1,4,2,No
EMP1230,37,Female,Single,Bangalore,4,Marketing,Operations,Operations Analyst,Travel_Frequently,55933,8,5,16,6,1,Yes,1,1,2,3,1,Yes
EMP1231,57,Male,Divorced,Kolkata,2,Human Resources,HR,HR Manager,Travel_Rarely,107926,19,17,27,3,7,No,2,1,2,3,5,No
EMP1232,54,Female,Married,Mumbai,3,Other,R&D,Research Analyst,Travel_Rarely,62379,9,6,13,0,8,No,3,1,1,4,1,No
EMP1233,25,Female,Single,Bangalore,4,Marketing,Operations,Logistics Executive,Travel_Rarely,65969,11,10,13,4,18,No,2,4,3,3,5,No
EMP1234,54,Male,Divorced,Hyderabad,4,Medical,Sales,Sales Executive,Travel_Rarely,80965,19,11,23,7,9,Yes,1,2,3,3,4,Yes
EMP1235,35,Male,Married,Delhi,1,Technical Degree,Operations,Operations Manager,Non-Travel,69319,0,0,7,4,1,No,2,3,4,3,1,Yes
EMP1236,42,Male,Married,Pune,3,Marketing,IT,System Admin,Travel_Rarely,66975,19,16,23,0,29,Yes,1,2,2,4,1,No
EMP1237,41,Female,Single,Chennai,2,Technical Degree,Operations,Operations Analyst,Non-Travel,58108,8,5,13,3,22,Yes,1,1,3,3,1,Yes
EMP1238,29,Female,Married,Pune,4,Human Resources,Operations,Logistics Executive,Travel_Rarely,77141,14,0,15,0,17,No,2,4,4,3,6,Yes
EMP1239,28,Female,Married,Hyderabad,4,Marketing,Sales,Sales Executive,Travel_Frequently,43939,0,1,7,5,19,Yes,2,2,3,3,3,Yes
EMP1240,24,Male,Single,Mumbai,1,Life Sciences,IT,System Admin,Travel_Frequently,42044,11,7,12,1,27,Yes,1,1,2,3,1,Yes
EMP1241,38,Female,Single,Chennai,5,Technical Degree,Marketing,Marketing Analyst,Non-Travel,40810,2,0,4,6,6,Yes,3,3,4,3,0,No
EMP1242,54,Male,Married,Delhi,2,Human Resources,IT,System Admin,Travel_Rarely,44566,10,6,13,4,3,No,4,3,4,3,0,Yes
EMP1243,33,Male,Single,Hyderabad,3,Life Sciences,Finance,Accountant,Travel_Rarely,32273,1,1,11,6,24,No,1,3,4,3,5,Yes
EMP1244,43,Male,Married,Chennai,4,Life Sciences,IT,Data Analyst,Travel_Rarely,79988,15,14,25,1,5,Yes,2,1,3,3,4,Yes
EMP1245,43,Female,Divorced,Hyderabad,4,Life Sciences,IT,Software Engineer,Travel_Rarely,72690,8,2,14,5,2,Yes,2,4,2,3,3,No
EMP1246,51,Male,Divorced,Hyderabad,2,Life Sciences,IT,Software Engineer,Travel_Rarely,82021,14,13,22,5,20,No,3,2,4,3,6,Yes
EMP1247,29,Female,Single,Delhi,5,Marketing,IT,System Admin,Travel_Rarely,43909,11,2,16,4,25,Yes,4,3,1,3,5,No
EMP1248,48,Male,Divorced,Kolkata,4,Other,HR,HR Manager,Travel_Rarely,71364,0,1,1,4,4,Yes,1,1,2,3,0,Yes
EMP1249,48,Male,Single,Bangalore,2,Marketing,Finance,Accountant,Travel_Frequently,58179,12,9,18,5,10,Yes,1,1,1,3,3,Yes
EMP1250,55,Male,Single,Chennai,1,Marketing,Sales,Sales Manager,Travel_Rarely,93581,13,12,13,2,10,No,4,2,1,3,3,No
EMP1251,42,Male,Married,Delhi,5,Human Resources,Sales,Sales Manager,Travel_Rarely,79691,7,8,11,6,24,No,1,3,4,3,4,No
EMP1252,51,Female,Married,Hyderabad,3,Human Resources,Sales,Sales Representative,Travel_Rarely,46211,7,7,15,7,21,Yes,4,1,4,3,3,Yes
EMP1253,54,Male,Married,Delhi,4,Other,Sales,Sales Executive,Travel_Frequently,75678,11,7,12,1,11,Yes,2,2,3,3,1,Yes
EMP1254,49,Female,Married,Kolkata,2,Human Resources,IT,Software Engineer,Non-Travel,45931,0,1,7,6,27,Yes,4,4,3,3,3,Yes
EMP1255,54,Male,Single,Bangalore,1,Medical,Finance,Finance Analyst,Travel_Frequently,68128,10,11,15,1,16,No,1,4,3,3,4,No
EMP1256,26,Female,Single,Pune,3,Other,Operations,Operations Manager,Travel_Frequently,86910,7,4,17,2,26,No,4,4,2,3,5,No
EMP1257,40,Male,Married,Chennai,2,Human Resources,Sales,Sales Representative,Travel_Rarely,52226,9,5,19,7,29,No,3,3,3,4,4,No
EMP1258,25,Female,Married,Bangalore,2,Other,Marketing,Marketing Manager,Travel_Frequently,114861,18,7,22,3,29,Yes,2,2,1,4,6,Yes
EMP1259,56,Female,Married,Mumbai,3,Marketing,Operations,Operations Analyst,Travel_Rarely,69917,10,1,19,1,17,Yes,2,2,3,3,4,No
EMP1260,38,Male,Single,Chennai,1,Marketing,IT,Data Analyst,Travel_Rarely,53382,6,4,12,6,16,No,4,1,4,3,0,No
EMP1261,49,Male,Married,Bangalore,1,Other,Marketing,Marketing Analyst,Travel_Frequently,58406,10,7,20,0,7,No,1,1,3,3,1,No
EMP1262,51,Female,Single,Hyderabad,5,Medical,R&D,Research Analyst,Non-Travel,81776,16,7,21,7,16,Yes,3,1,2,3,0,No
EMP1263,50,Female,Single,Chennai,4,Medical,HR,Recruiter,Travel_Rarely,28339,0,1,1,5,3,Yes,2,2,2,3,5,Yes
EMP1264,27,Male,Married,Chennai,3,Other,IT,System Admin,Travel_Frequently,35032,7,6,17,5,26,Yes,2,1,1,4,2,Yes
EMP1265,56,Female,Single,Delhi,3,Human Resources,Marketing,Marketing Analyst,Travel_Frequently,46311,5,2,8,2,16,No,1,2,2,3,5,No
EMP1266,45,Female,Single,Hyderabad,3,Technical Degree,Operations,Operations Manager,Travel_Rarely,107579,17,0,24,1,8,No,1,2,3,4,1,No
EMP1267,50,Female,Married,Mumbai,1,Medical,Sales,Sales Executive,Travel_Rarely,53121,5,3,5,3,12,No,3,4,4,3,3,No
EMP1268,52,Female,Married,Pune,4,Life Sciences,Operations,Operations Manager,Travel_Rarely,74873,4,2,13,1,3,No,4,1,2,3,4,No
EMP1269,56,Female,Married,Kolkata,5,Marketing,Operations,Operations Manager,Travel_Rarely,100780,12,2,20,5,17,Yes,1,4,1,3,2,Yes
EMP1270,54,Male,Single,Bangalore,2,Other,Operations,Operations Analyst,Travel_Rarely,80107,18,15,23,4,21,No,4,3,3,3,1,No
EMP1271,42,Male,Single,Delhi,2,Life Sciences,Operations,Operations Analyst,Travel_Rarely,59070,7,3,16,0,18,No,3,3,1,3,0,No
EMP1272,53,Male,Single,Bangalore,3,Other,Operations,Operations Manager,Travel_Rarely,87781,8,5,11,7,11,No,4,3,2,3,4,No
EMP1273,44,Female,Single,Mumbai,4,Marketing,Sales,Sales Representative,Travel_Frequently,55748,16,8,26,2,4,No,2,2,2,3,5,No
EMP1274,54,Female,Married,Mumbai,1,Marketing,HR,HR Executive,Travel_Frequently,44277,2,2,3,4,16,No,4,2,1,3,0,No
EMP1275,24,Male,Married,Chennai,4,Medical,Finance,Finance Analyst,Non-Travel,81169,18,8,28,6,17,No,3,2,3,3,1,No
EMP1276,39,Female,Married,Kolkata,4,Medical,Marketing,Brand Executive,Travel_Rarely,61859,10,9,17,3,9,No,3,1,2,3,1,No
EMP1277,46,Female,Married,Mumbai,1,Life Sciences,IT,Software Engineer,Travel_Frequently,88228,16,8,20,4,6,No,3,4,4,3,5,No
EMP1278,52,Male,Married,Bangalore,3,Other,Finance,Finance Analyst,Non-Travel,82563,18,17,28,6,24,No,4,2,2,3,2,No
EMP1279,24,Male,Married,Hyderabad,4,Marketing,Finance,Finance Analyst,Travel_Frequently,51113,1,0,7,4,27,Yes,2,4,3,4,5,Yes
EMP1280,45,Male,Married,Hyderabad,2,Life Sciences,IT,Data Analyst,Travel_Rarely,63924,7,8,8,3,20,No,1,4,2,3,3,No
EMP1281,53,Male,Married,Chennai,1,Technical Degree,Operations,Operations Manager,Travel_Frequently,106929,18,6,20,7,25,Yes,2,4,1,3,0,Yes
EMP1282,43,Male,Married,Pune,5,Life Sciences,Marketing,Marketing Manager,Travel_Rarely,83792,6,1,6,4,2,Yes,4,1,2,3,2,No
EMP1283,44,Male,Single,Bangalore,3,Human Resources,Finance,Accountant,Travel_Rarely,56713,16,7,16,2,9,Yes,4,1,2,3,4,No
EMP1284,23,Male,Married,Bangalore,1,Life Sciences,IT,Data Analyst,Travel_Frequently,58918,5,5,9,5,28,Yes,1,3,3,3,6,Yes
EMP1285,48,Male,Divorced,Mumbai,5,Human Resources,IT,System Admin,Travel_Frequently,66374,18,13,25,1,21,Yes,4,3,1,3,3,No
EMP1286,23,Male,Single,Kolkata,5,Human Resources,Finance,Finance Analyst,Travel_Rarely,49675,5,3,6,4,29,Yes,3,4,3,3,2,Yes
EMP1287,47,Male,Single,Bangalore,4,Human Resources,IT,Data Analyst,Non-Travel,38170,1,2,2,2,6,No,3,3,2,3,6,No
EMP1288,38,Female,Married,Delhi,4,Technical Degree,IT,System Admin,Travel_Frequently,38681,5,6,8,1,3,No,3,4,4,3,6,No
EMP1289,54,Male,Married,Pune,4,Life Sciences,IT,Software Engineer,Travel_Rarely,63717,4,1,12,7,20,No,3,1,2,4,0,No
EMP1290,30,Female,Married,Mumbai,1,Life Sciences,Sales,Sales Manager,Non-Travel,110374,18,15,20,6,6,No,3,1,3,4,1,No
EMP1291,50,Female,Married,Delhi,1,Technical Degree,HR,HR Manager,Travel_Rarely,115671,19,20,25,1,7,No,4,1,4,3,4,No
EMP1292,47,Male,Single,Chennai,3,Marketing,IT,System Admin,Non-Travel,38450,3,3,10,6,1,Yes,1,2,3,3,5,Yes
EMP1293,56,Male,Married,Hyderabad,4,Medical,IT,IT Support,Travel_Frequently,62680,16,14,21,4,23,No,1,4,3,3,0,No
EMP1294,46,Male,Single,Chennai,5,Life Sciences,IT,System Admin,Travel_Rarely,50068,10,0,20,2,1,Yes,3,1,1,3,3,No
EMP1295,45,Male,Married,Hyderabad,2,Medical,Operations,Logistics Executive,Travel_Frequently,51308,3,0,11,5,5,No,4,4,4,3,6,No
EMP1296,34,Female,Married,Chennai,3,Other,Finance,Finance Manager,Travel_Frequently,91462,12,4,18,4,6,No,2,3,2,3,3,No
EMP1297,28,Male,Single,Bangalore,1,Other,Sales,Sales Representative,Travel_Frequently,71650,19,7,28,6,13,No,2,3,3,4,6,No
EMP1298,57,Male,Single,Delhi,3,Technical Degree,Marketing,Brand Executive,Non-Travel,81822,16,12,18,3,2,No,4,1,2,4,1,No
EMP1299,41,Male,Single,Hyderabad,3,Other,IT,System Admin,Travel_Frequently,49492,8,3,14,1,15,No,3,4,1,3,1,No
EMP1300,22,Male,Married,Mumbai,3,Other,Operations,Operations Analyst,Travel_Frequently,41287,3,2,13,4,15,No,1,1,1,3,4,Yes
EMP1301,29,Female,Single,Delhi,3,Marketing,Finance,Finance Analyst,Non-Travel,66953,13,10,14,6,13,Yes,4,3,4,3,5,No
EMP1302,37,Male,Married,Mumbai,2,Marketing,R&D,R&D Engineer,Travel_Frequently,85282,18,18,25,7,26,No,2,1,1,3,4,No
EMP1303,35,Male,Married,Delhi,4,Marketing,Operations,Operations Analyst,Travel_Rarely,40907,2,2,11,1,25,No,2,4,1,3,1,No
EMP1304,33,Male,Single,Delhi,5,Other,Operations,Operations Analyst,Non-Travel,62161,13,7,19,7,14,No,2,3,2,3,1,No
EMP1305,44,Female,Single,Chennai,3,Technical Degree,Operations,Logistics Executive,Travel_Rarely,54129,7,8,11,6,26,Yes,3,2,1,4,3,No
EMP1306,36,Male,Single,Hyderabad,3,Human Resources,Sales,Sales Representative,Travel_Frequently,26337,0,1,0,2,22,Yes,2,3,1,3,1,Yes
EMP1307,49,Male,Divorced,Hyderabad,3,Human Resources,HR,Recruiter,Non-Travel,40363,9,6,14,0,7,No,4,2,3,3,2,Yes
EMP1308,55,Female,Single,Kolkata,4,Medical,Operations,Operations Analyst,Travel_Frequently,77151,17,17,20,7,14,No,4,1,1,3,6,No
EMP1309,23,Male,Married,Delhi,1,Human Resources,IT,IT Support,Travel_Frequently,55983,15,10,22,4,26,Yes,2,1,3,3,0,Yes
EMP1310,53,Female,Married,Bangalore,1,Human Resources,Operations,Operations Analyst,Travel_Frequently,49143,7,5,14,5,24,No,4,4,1,3,1,No
EMP1311,44,Female,Married,Bangalore,2,Marketing,Sales,Sales Executive,Travel_Rarely,48207,0,1,3,4,27,Yes,2,2,1,3,4,Yes
EMP1312,43,Female,Divorced,Mumbai,1,Marketing,IT,System Admin,Non-Travel,49469,11,4,16,1,29,Yes,2,1,4,3,5,Yes
EMP1313,46,Female,Married,Mumbai,3,Other,IT,Data Analyst,Travel_Rarely,63758,7,4,8,2,10,Yes,1,2,4,3,6,Yes
EMP1314,43,Female,Divorced,Chennai,3,Medical,IT,Software Engineer,Travel_Rarely,75244,15,8,25,6,17,Yes,3,1,3,3,6,No
EMP1315,43,Female,Single,Delhi,3,Life Sciences,Finance,Finance Manager,Travel_Rarely,99926,17,7,22,3,14,No,3,3,1,4,5,No
EMP1316,27,Female,Single,Mumbai,2,Medical,IT,Software Engineer,Travel_Frequently,54178,3,0,11,5,8,Yes,1,1,2,3,5,Yes
EMP1317,36,Female,Married,Mumbai,3,Medical,IT,Data Analyst,Travel_Frequently,47176,5,5,15,2,4,Yes,1,4,4,3,6,Yes
EMP1318,54,Male,Divorced,Pune,1,Technical Degree,IT,Software Engineer,Non-Travel,72002,11,3,16,7,26,No,3,3,2,3,2,No
EMP1319,29,Male,Married,Delhi,4,Other,IT,Software Engineer,Travel_Rarely,61886,8,5,8,7,16,Yes,2,4,4,3,4,Yes
EMP1320,26,Male,Single,Chennai,4,Technical Degree,Operations,Logistics Executive,Travel_Rarely,76532,14,3,20,4,24,Yes,2,3,4,3,2,No
EMP1321,25,Male,Single,Mumbai,5,Medical,Sales,Sales Executive,Travel_Rarely,80243,15,5,19,3,13,No,3,2,1,4,1,No
EMP1322,27,Male,Divorced,Chennai,1,Medical,Finance,Accountant,Travel_Rarely,45398,11,3,14,2,22,Yes,2,4,4,4,0,Yes
EMP1323,53,Male,Single,Hyderabad,3,Medical,Finance,Finance Analyst,Travel_Frequently,74721,13,3,14,0,27,Yes,1,1,2,3,5,Yes
EMP1324,51,Male,Married,Chennai,4,Human Resources,Operations,Logistics Executive,Travel_Rarely,76142,12,11,19,5,25,No,2,2,4,3,4,Yes
EMP1325,56,Female,Married,Bangalore,1,Technical Degree,Finance,Finance Analyst,Travel_Rarely,45497,1,1,2,1,27,No,2,1,3,3,5,Yes
EMP1326,37,Female,Married,Bangalore,4,Medical,Operations,Logistics Executive,Travel_Rarely,53099,2,2,12,2,20,Yes,4,3,1,3,2,No
EMP1327,34,Male,Married,Chennai,3,Marketing,R&D,Product Developer,Travel_Rarely,40654,9,9,12,2,18,No,4,3,1,3,3,No
EMP1328,51,Male,Married,Bangalore,4,Other,IT,Software Engineer,Travel_Rarely,72984,8,8,18,0,14,No,4,1,3,3,1,No
EMP1329,40,Female,Single,Hyderabad,5,Other,HR,Recruiter,Travel_Rarely,65392,19,19,29,4,18,No,2,1,3,3,0,Yes
EMP1330,38,Male,Divorced,Delhi,5,Marketing,IT,Software Engineer,Travel_Frequently,71234,7,4,16,6,5,Yes,3,2,3,3,1,Yes
EMP1331,40,Female,Married,Bangalore,4,Other,HR,HR Manager,Non-Travel,84371,9,1,9,6,26,Yes,1,1,4,3,3,Yes
EMP1332,49,Male,Divorced,Bangalore,1,Human Resources,Finance,Finance Manager,Travel_Frequently,108135,18,6,18,5,9,No,2,4,1,4,0,No
EMP1333,47,Male,Single,Chennai,1,Human Resources,Marketing,Brand Executive,Non-Travel,44320,2,2,7,5,28,Yes,3,4,3,3,3,No
EMP1334,47,Female,Divorced,Hyderabad,1,Life Sciences,Sales,Sales Representative,Travel_Rarely,32654,4,1,7,1,3,No,2,1,4,3,1,No
EMP1335,44,Male,Married,Kolkata,4,Life Sciences,Sales,Sales Representative,Travel_Frequently,36251,2,2,4,2,8,Yes,1,4,3,3,2,Yes
EMP1336,30,Female,Single,Kolkata,1,Life Sciences,HR,HR Manager,Non-Travel,100300,15,5,24,3,20,Yes,2,1,2,3,6,Yes
EMP1337,33,Female,Single,Kolkata,3,Other,Operations,Operations Manager,Travel_Rarely,103761,16,9,19,2,22,Yes,1,2,2,3,1,Yes
EMP1338,22,Male,Married,Kolkata,5,Human Resources,Finance,Finance Analyst,Non-Travel,69854,14,0,15,6,10,No,2,4,1,3,1,No
EMP1339,22,Female,Married,Delhi,3,Human Resources,Sales,Sales Representative,Travel_Rarely,29505,2,1,10,1,22,Yes,1,4,4,4,1,Yes
EMP1340,55,Female,Married,Chennai,1,Human Resources,Marketing,Brand Executive,Travel_Rarely,75929,11,4,14,2,19,Yes,2,1,2,3,4,No
EMP1341,53,Male,Single,Chennai,3,Marketing,Operations,Operations Manager,Travel_Rarely,90323,8,0,17,0,21,No,1,4,2,3,3,No
EMP1342,46,Female,Single,Pune,1,Human Resources,Sales,Sales Executive,Travel_Frequently,72770,11,0,14,6,28,No,4,3,4,3,3,No
EMP1343,22,Male,Married,Hyderabad,4,Marketing,Finance,Accountant,Travel_Frequently,54553,14,9,17,2,3,Yes,2,2,3,3,5,No
EMP1344,37,Female,Married,Kolkata,3,Life Sciences,Operations,Operations Manager,Travel_Frequently,71042,1,2,6,2,11,No,2,2,4,3,3,No
EMP1345,26,Female,Married,Delhi,4,Life Sciences,IT,Data Analyst,Travel_Rarely,80559,17,4,19,6,11,No,3,4,3,4,5,No
EMP1346,43,Male,Divorced,Hyderabad,4,Other,Sales,Sales Representative,Travel_Rarely,67009,19,20,28,3,17,No,3,4,2,3,4,No
EMP1347,50,Female,Divorced,Kolkata,2,Life Sciences,Sales,Sales Representative,Travel_Rarely,55482,11,12,11,6,16,No,1,3,2,3,2,No
EMP1348,24,Female,Divorced,Delhi,1,Other,Sales,Sales Manager,Travel_Rarely,78498,3,3,7,0,7,Yes,2,3,2,3,5,Yes
EMP1349,33,Female,Married,Hyderabad,5,Medical,Operations,Operations Manager,Non-Travel,101636,15,3,17,0,4,Yes,1,4,1,3,1,Yes
EMP1350,47,Female,Married,Chennai,1,Medical,Marketing,Marketing Manager,Travel_Rarely,102362,15,0,17,2,23,No,4,4,1,4,2,No
EMP1351,37,Female,Married,Chennai,5,Technical Degree,Sales,Sales Executive,Non-Travel,40011,0,1,8,5,19,No,3,3,1,4,6,No
EMP1352,43,Male,Married,Mumbai,1,Other,HR,HR Executive,Non-Travel,42194,1,1,5,3,12,No,1,1,4,3,4,Yes
EMP1353,50,Female,Married,Bangalore,4,Technical Degree,Sales,Sales Manager,Travel_Rarely,71537,2,3,4,2,15,No,1,3,2,3,3,No
EMP1354,35,Male,Single,Kolkata,3,Technical Degree,Sales,Sales Representative,Travel_Frequently,60842,19,14,20,6,11,No,3,1,2,3,5,No
EMP1355,49,Male,Married,Pune,3,Medical,Operations,Logistics Executive,Travel_Rarely,74229,16,10,26,2,5,No,2,2,4,3,1,No
EMP1356,26,Female,Single,Hyderabad,2,Other,IT,Software Engineer,Travel_Rarely,86009,19,5,19,1,5,No,1,2,1,4,0,No
EMP1357,51,Male,Married,Pune,5,Medical,IT,Software Engineer,Travel_Rarely,52984,0,0,2,1,15,No,3,3,4,3,6,No
EMP1358,26,Male,Divorced,Mumbai,5,Technical Degree,HR,Recruiter,Travel_Frequently,70943,19,8,19,5,29,Yes,2,1,1,3,0,Yes
EMP1359,33,Male,Married,Bangalore,5,Other,Finance,Finance Analyst,Travel_Rarely,59209,5,6,10,3,18,No,4,3,2,3,2,No
EMP1360,37,Male,Single,Hyderabad,4,Technical Degree,IT,IT Support,Travel_Frequently,50077,14,15,17,4,11,No,3,3,3,3,3,No
EMP1361,47,Female,Divorced,Delhi,5,Human Resources,Operations,Operations Analyst,Travel_Frequently,74907,13,1,22,7,26,Yes,1,1,1,3,0,Yes
EMP1362,47,Male,Married,Kolkata,3,Other,HR,HR Manager,Travel_Rarely,110845,19,2,24,1,12,No,4,3,2,3,2,No
EMP1363,42,Female,Single,Bangalore,4,Other,Operations,Operations Analyst,Travel_Frequently,66867,14,12,14,4,2,Yes,2,2,2,3,4,Yes
EMP1364,57,Male,Single,Chennai,1,Technical Degree,Finance,Finance Analyst,Travel_Frequently,74407,13,7,15,0,20,No,2,4,3,3,2,Yes
EMP1365,54,Female,Single,Mumbai,5,Human Resources,Sales,Sales Manager,Travel_Rarely,77873,4,0,8,1,15,Yes,3,4,2,3,6,No
EMP1366,51,Male,Single,Bangalore,5,Marketing,IT,IT Support,Travel_Rarely,38635,5,4,5,1,20,Yes,3,3,2,3,2,No
EMP1367,44,Male,Divorced,Kolkata,1,Medical,Marketing,Marketing Analyst,Travel_Frequently,67297,16,1,18,3,4,No,3,1,1,3,6,No
EMP1368,31,Female,Married,Bangalore,5,Technical Degree,Marketing,Marketing Manager,Travel_Rarely,98095,10,2,16,5,22,Yes,2,1,1,3,2,Yes
EMP1369,26,Female,Divorced,Kolkata,1,Other,IT,IT Support,Travel_Frequently,55856,15,4,23,4,18,Yes,4,2,3,3,1,No
EMP1370,57,Male,Single,Chennai,4,Medical,IT,Software Engineer,Travel_Rarely,76036,11,12,12,6,6,Yes,2,1,3,4,2,Yes
EMP1371,55,Male,Single,Hyderabad,3,Medical,Marketing,Brand Executive,Travel_Rarely,69015,14,9,15,1,23,Yes,1,1,2,3,5,Yes
EMP1372,52,Male,Married,Delhi,1,Medical,Finance,Finance Manager,Travel_Rarely,72384,3,0,10,1,27,No,2,2,1,3,2,No
EMP1373,31,Male,Single,Chennai,2,Marketing,Sales,Sales Manager,Travel_Rarely,108589,17,7,24,3,26,Yes,1,3,3,3,1,Yes
EMP1374,40,Female,Married,Delhi,1,Life Sciences,Marketing,Brand Executive,Travel_Frequently,52745,2,0,7,3,19,No,4,4,3,3,1,No
EMP1375,53,Male,Divorced,Hyderabad,5,Technical Degree,HR,HR Executive,Travel_Rarely,56350,7,8,15,5,11,No,3,2,4,3,4,Yes
EMP1376,22,Male,Married,Bangalore,4,Life Sciences,Finance,Finance Analyst,Travel_Frequently,51708,2,3,11,4,28,No,3,3,3,3,6,Yes
EMP1377,26,Male,Married,Delhi,4,Life Sciences,Sales,Sales Manager,Non-Travel,80269,7,3,8,0,24,No,2,2,2,3,3,No
EMP1378,25,Male,Single,Mumbai,1,Life Sciences,Sales,Sales Executive,Travel_Frequently,75260,17,16,24,6,2,No,3,3,1,3,0,No
EMP1379,37,Male,Single,Mumbai,3,Medical,IT,Software Engineer,Travel_Frequently,70701,9,6,17,5,27,No,4,2,3,3,0,No
EMP1380,45,Male,Single,Kolkata,2,Human Resources,Operations,Logistics Executive,Travel_Rarely,86376,19,14,22,7,8,No,3,3,4,3,2,No
EMP1381,37,Male,Married,Chennai,4,Medical,HR,Recruiter,Travel_Rarely,56563,16,14,25,0,29,No,2,2,1,3,4,No
EMP1382,23,Male,Single,Hyderabad,5,Medical,HR,HR Executive,Travel_Frequently,60897,7,4,7,2,11,No,4,3,3,3,2,No
EMP1383,49,Female,Married,Kolkata,5,Other,HR,HR Manager,Travel_Rarely,95602,10,9,20,1,5,No,1,2,4,3,0,No
EMP1384,53,Male,Married,Chennai,3,Other,IT,IT Support,Travel_Frequently,41594,4,3,12,4,18,No,2,4,3,3,6,No
EMP1385,48,Female,Married,Chennai,4,Life Sciences,R&D,Product Developer,Travel_Rarely,49672,12,4,16,5,23,No,1,4,1,3,6,No
EMP1386,41,Male,Single,Kolkata,1,Medical,IT,Data Analyst,Travel_Frequently,55623,4,4,11,1,18,No,4,1,1,4,6,No
EMP1387,45,Female,Single,Pune,5,Life Sciences,Finance,Finance Manager,Non-Travel,99401,12,9,22,4,14,No,2,3,1,3,1,Yes
EMP1388,33,Female,Divorced,Chennai,3,Other,Marketing,Marketing Manager,Non-Travel,80593,5,0,5,4,22,Yes,2,2,2,3,3,Yes
EMP1389,56,Female,Married,Pune,4,Human Resources,IT,Data Analyst,Travel_Frequently,54864,4,4,4,4,10,No,4,3,3,3,4,No
EMP1390,54,Female,Married,Mumbai,4,Technical Degree,Sales,Sales Representative,Travel_Frequently,42155,8,1,15,1,3,No,3,4,2,3,1,No
EMP1391,54,Male,Single,Mumbai,4,Life Sciences,HR,Recruiter,Travel_Frequently,55543,15,6,21,5,9,No,2,3,1,3,3,No
EMP1392,33,Male,Divorced,Chennai,4,Human Resources,IT,IT Support,Travel_Frequently,29240,1,2,7,6,3,No,2,2,4,3,4,Yes
EMP1393,24,Male,Married,Mumbai,4,Technical Degree,IT,System Admin,Travel_Rarely,24683,0,0,10,3,11,Yes,1,3,3,3,4,Yes
EMP1394,22,Male,Single,Hyderabad,5,Marketing,IT,IT Support,Travel_Rarely,35881,7,4,8,1,12,No,3,2,2,4,0,No
EMP1395,54,Male,Divorced,Pune,3,Life Sciences,Operations,Operations Analyst,Travel_Rarely,83488,18,2,25,7,12,Yes,1,4,3,3,1,No
EMP1396,31,Male,Single,Pune,4,Life Sciences,IT,Software Engineer,Non-Travel,73713,10,2,17,4,3,Yes,1,4,4,3,4,Yes
EMP1397,50,Female,Married,Chennai,2,Marketing,IT,System Admin,Travel_Rarely,52079,11,3,12,5,21,No,3,4,2,3,5,No
EMP1398,34,Male,Married,Mumbai,2,Marketing,Finance,Accountant,Travel_Frequently,52744,11,2,12,6,7,Yes,3,1,1,3,6,No
EMP1399,33,Female,Single,Delhi,3,Life Sciences,IT,Software Engineer,Travel_Frequently,60809,6,1,11,2,14,Yes,4,4,2,3,4,No
EMP1400,52,Female,Divorced,Kolkata,1,Marketing,Operations,Operations Analyst,Travel_Frequently,64807,12,2,21,7,24,Yes,3,3,3,3,3,Yes
EMP1401,23,Female,Married,Kolkata,1,Medical,Finance,Accountant,Travel_Frequently,38883,7,0,9,0,28,Yes,2,1,3,3,0,Yes
EMP1402,56,Male,Married,Pune,1,Technical Degree,HR,HR Executive,Travel_Rarely,63206,8,6,9,7,11,No,3,4,3,4,2,No
EMP1403,44,Male,Single,Chennai,2,Technical Degree,Operations,Logistics Executive,Travel_Frequently,56155,6,7,8,4,7,Yes,4,3,3,3,6,No
EMP1404,38,Male,Single,Chennai,1,Technical Degree,IT,IT Support,Non-Travel,52673,14,15,18,2,25,No,4,3,1,3,0,No
EMP1405,47,Male,Single,Hyderabad,5,Medical,IT,Data Analyst,Travel_Rarely,49608,1,1,10,3,21,Yes,4,3,2,4,2,Yes
EMP1406,29,Female,Married,Bangalore,4,Marketing,IT,System Admin,Travel_Rarely,71746,19,1,29,6,10,Yes,3,2,1,3,1,No
EMP1407,50,Male,Single,Bangalore,2,Human Resources,IT,System Admin,Travel_Frequently,53671,11,3,20,6,11,No,3,1,1,3,1,No
EMP1408,47,Female,Married,Pune,3,Marketing,Operations,Logistics Executive,Non-Travel,54325,0,1,8,4,15,Yes,1,3,1,4,4,Yes
EMP1409,31,Male,Married,Kolkata,3,Life Sciences,Sales,Sales Executive,Travel_Rarely,67210,7,4,12,7,19,Yes,1,2,3,3,5,Yes
EMP1410,47,Female,Single,Hyderabad,4,Other,IT,Software Engineer,Travel_Frequently,54409,4,5,10,7,16,No,2,4,3,4,1,No
EMP1411,55,Female,Married,Hyderabad,2,Technical Degree,Sales,Sales Executive,Non-Travel,77886,14,14,23,6,22,Yes,1,3,3,3,4,Yes
EMP1412,28,Male,Single,Hyderabad,1,Marketing,Operations,Logistics Executive,Travel_Rarely,52856,0,0,8,2,21,Yes,2,2,2,3,6,Yes
EMP1413,25,Male,Divorced,Pune,1,Human Resources,HR,HR Executive,Non-Travel,45197,0,0,4,4,28,No,4,3,4,4,0,No
EMP1414,32,Male,Married,Bangalore,5,Life Sciences,Marketing,Brand Executive,Travel_Frequently,65452,9,4,16,1,20,Yes,1,1,3,3,1,Yes
EMP1415,50,Male,Single,Kolkata,5,Medical,IT,Software Engineer,Travel_Frequently,71718,9,10,17,5,12,Yes,3,1,2,3,0,No
EMP1416,57,Male,Single,Hyderabad,1,Medical,Operations,Operations Manager,Travel_Frequently,107859,14,6,23,2,18,No,1,4,3,3,0,No
EMP1417,46,Male,Married,Kolkata,3,Human Resources,R&D,Product Developer,Travel_Rarely,62852,16,13,22,5,23,Yes,2,3,3,4,5,No
EMP1418,42,Male,Married,Mumbai,3,Life Sciences,Operations,Logistics Executive,Travel_Rarely,52172,5,0,6,1,13,No,1,2,1,3,1,No
EMP1419,57,Male,Married,Chennai,5,Technical Degree,Marketing,Marketing Analyst,Travel_Rarely,52158,2,1,3,1,5,No,4,4,1,3,0,No
EMP1420,31,Male,Married,Chennai,4,Marketing,IT,System Admin,Travel_Rarely,44279,12,10,22,5,4,Yes,3,3,1,3,5,No
EMP1421,30,Female,Single,Kolkata,1,Life Sciences,Finance,Finance Analyst,Travel_Rarely,76156,15,4,25,2,28,No,2,4,2,3,5,No
EMP1422,45,Male,Single,Delhi,5,Medical,HR,HR Executive,Non-Travel,57977,7,4,15,5,14,No,3,2,4,3,1,No
EMP1423,56,Female,Single,Delhi,5,Human Resources,Sales,Sales Manager,Non-Travel,95669,14,4,17,5,8,No,3,4,4,3,5,No
EMP1424,56,Male,Married,Pune,1,Human Resources,IT,IT Support,Travel_Frequently,63085,16,2,22,0,9,No,2,4,2,3,1,No
EMP1425,57,Male,Divorced,Pune,1,Marketing,Finance,Finance Analyst,Non-Travel,81180,16,1,23,2,25,No,3,4,3,3,1,No
EMP1426,39,Female,Married,Chennai,3,Human Resources,IT,IT Support,Travel_Frequently,51825,12,2,15,7,19,No,3,3,2,3,2,Yes
EMP1427,53,Male,Single,Mumbai,4,Human Resources,Finance,Finance Analyst,Travel_Rarely,76943,16,9,22,7,3,No,1,2,3,3,0,No
EMP1428,45,Male,Married,Bangalore,4,Life Sciences,Marketing,Brand Executive,Travel_Rarely,53981,5,4,10,0,5,No,3,1,2,3,3,No
EMP1429,44,Male,Married,Bangalore,1,Technical Degree,Finance,Finance Analyst,Travel_Frequently,71769,16,9,23,4,21,No,3,3,2,4,1,No
EMP1430,53,Male,Married,Pune,2,Marketing,Operations,Logistics Executive,Travel_Frequently,75247,15,14,21,6,26,Yes,3,1,2,3,0,No
EMP1431,33,Male,Divorced,Mumbai,5,Life Sciences,Operations,Operations Analyst,Travel_Rarely,71553,13,1,19,7,18,No,3,1,4,3,6,No
EMP1432,34,Male,Single,Pune,5,Technical Degree,R&D,R&D Engineer,Travel_Frequently,73427,12,7,13,5,1,Yes,2,3,1,3,5,No
EMP1433,44,Female,Single,Bangalore,1,Life Sciences,Finance,Finance Manager,Travel_Rarely,88461,5,5,10,4,8,No,4,3,2,3,4,No
EMP1434,46,Male,Divorced,Kolkata,2,Other,Operations,Operations Manager,Travel_Frequently,75135,2,2,8,7,19,No,1,2,4,3,1,No
EMP1435,56,Male,Married,Pune,3,Life Sciences,R&D,Product Developer,Non-Travel,51573,13,11,18,2,17,No,3,2,1,3,5,No
EMP1436,51,Male,Single,Hyderabad,1,Human Resources,Marketing,Brand Executive,Travel_Frequently,70131,13,6,23,5,17,No,3,4,1,3,5,No
EMP1437,38,Female,Married,Kolkata,1,Technical Degree,Sales,Sales Executive,Non-Travel,77900,14,8,18,6,11,Yes,2,1,2,4,5,Yes
EMP1438,41,Male,Married,Pune,5,Marketing,IT,Data Analyst,Non-Travel,62731,7,8,12,4,2,Yes,4,2,3,3,5,No
EMP1439,46,Male,Married,Chennai,1,Marketing,IT,Data Analyst,Non-Travel,70189,14,15,16,7,6,No,3,4,3,3,5,No
EMP1440,43,Male,Married,Pune,1,Technical Degree,Sales,Sales Executive,Non-Travel,78541,12,7,22,7,22,No,2,2,3,3,1,No
EMP1441,34,Female,Married,Chennai,1,Human Resources,Finance,Accountant,Non-Travel,62878,16,2,23,3,14,Yes,1,3,2,4,6,No
EMP1442,40,Male,Married,Mumbai,5,Medical,Operations,Operations Analyst,Travel_Frequently,50087,2,0,3,7,3,No,1,2,3,3,3,No
EMP1443,57,Male,Married,Bangalore,3,Life Sciences,Operations,Operations Analyst,Travel_Rarely,58667,5,3,6,1,12,No,3,1,4,3,2,No
EMP1444,33,Male,Married,Kolkata,3,Human Resources,Sales,Sales Representative,Travel_Rarely,32535,4,5,5,5,4,Yes,3,2,4,3,5,No
EMP1445,40,Female,Married,Kolkata,1,Other,Marketing,Marketing Manager,Travel_Frequently,99776,16,10,17,6,12,No,4,1,4,3,5,No
EMP1446,33,Male,Married,Delhi,5,Technical Degree,Finance,Accountant,Travel_Rarely,31311,1,2,7,1,13,No,4,3,4,3,2,No
EMP1447,30,Male,Single,Delhi,3,Life Sciences,Operations,Logistics Executive,Travel_Rarely,79180,14,8,15,0,2,No,3,1,1,3,6,No
EMP1448,28,Female,Married,Bangalore,3,Marketing,Marketing,Brand Executive,Non-Travel,60451,4,0,9,4,2,No,2,2,4,4,6,No
EMP1449,49,Female,Married,Delhi,3,Medical,Finance,Finance Analyst,Non-Travel,85435,19,2,21,7,15,No,4,4,3,4,1,No
EMP1450,35,Male,Married,Kolkata,5,Other,IT,IT Support,Non-Travel,37697,5,1,13,0,23,Yes,3,3,2,3,0,No
EMP1451,52,Female,Married,Pune,5,Marketing,Operations,Operations Analyst,Travel_Rarely,59629,5,5,5,6,29,No,4,2,3,4,4,No
EMP1452,40,Male,Married,Mumbai,1,Technical Degree,IT,Software Engineer,Travel_Rarely,87386,17,18,26,5,17,No,3,3,4,3,4,No
EMP1453,37,Male,Married,Mumbai,4,Life Sciences,Sales,Sales Manager,Travel_Rarely,99662,17,18,25,1,7,No,1,3,1,3,0,No
EMP1454,26,Male,Married,Bangalore,3,Technical Degree,Operations,Operations Analyst,Travel_Rarely,49671,3,0,11,1,28,No,3,2,4,3,1,No
EMP1455,56,Female,Single,Delhi,4,Life Sciences,IT,System Admin,Travel_Rarely,60044,16,8,21,4,14,No,1,2,2,3,4,No
EMP1456,33,Male,Married,Pune,5,Human Resources,Operations,Operations Analyst,Travel_Rarely,65218,13,9,23,5,12,No,4,4,3,3,6,No
EMP1457,46,Male,Married,Mumbai,5,Medical,IT,Data Analyst,Non-Travel,70615,13,0,14,7,17,No,3,3,2,3,2,No
EMP1458,42,Male,Married,Mumbai,5,Human Resources,Marketing,Marketing Manager,Travel_Frequently,94060,12,12,18,3,14,No,4,3,2,3,0,No
EMP1459,57,Female,Single,Hyderabad,4,Human Resources,HR,HR Manager,Travel_Rarely,87900,6,2,11,3,6,Yes,1,2,2,3,6,Yes
EMP1460,44,Male,Single,Hyderabad,5,Technical Degree,R&D,R&D Engineer,Travel_Rarely,78367,11,7,21,4,19,No,3,1,3,3,3,No
EMP1461,37,Male,Married,Kolkata,1,Medical,Operations,Operations Analyst,Travel_Frequently,68874,14,14,20,5,24,Yes,4,2,4,3,1,No
EMP1462,35,Male,Single,Mumbai,5,Life Sciences,Sales,Sales Executive,Travel_Rarely,81581,18,8,18,4,6,Yes,1,3,2,3,0,Yes
EMP1463,52,Male,Single,Bangalore,2,Life Sciences,Finance,Finance Analyst,Non-Travel,67006,10,2,14,5,27,Yes,4,2,3,3,4,No
EMP1464,26,Male,Single,Chennai,4,Other,R&D,Product Developer,Travel_Rarely,50014,14,13,23,6,18,Yes,2,4,1,4,1,Yes
EMP1465,56,Female,Single,Chennai,2,Marketing,IT,Data Analyst,Travel_Rarely,60789,11,10,15,6,24,Yes,1,1,3,3,2,Yes
EMP1466,44,Male,Single,Pune,5,Other,Sales,Sales Manager,Travel_Rarely,81997,2,3,7,0,5,No,1,2,1,3,1,No
EMP1467,50,Male,Married,Mumbai,1,Other,IT,IT Support,Travel_Rarely,62635,16,2,17,7,24,Yes,1,4,3,4,1,No
EMP1468,32,Female,Married,Mumbai,3,Life Sciences,IT,IT Support,Travel_Frequently,33103,2,3,11,4,24,Yes,3,3,4,3,2,No
EMP1469,39,Male,Divorced,Kolkata,5,Technical Degree,Operations,Operations Analyst,Travel_Frequently,84648,18,11,26,7,6,Yes,3,2,2,3,5,No
EMP1470,33,Male,Married,Mumbai,1,Human Resources,Finance,Accountant,Travel_Frequently,65148,19,13,22,5,2,No,3,3,4,3,2,No
EMP1471,30,Female,Married,Bangalore,4,Human Resources,IT,IT Support,Travel_Rarely,33766,3,2,5,3,8,No,2,4,3,3,6,No
EMP1472,31,Male,Single,Hyderabad,2,Human Resources,HR,Recruiter,Travel_Frequently,35405,2,2,12,7,15,No,2,3,2,3,1,No
EMP1473,38,Male,Single,Mumbai,2,Medical,Finance,Finance Manager,Travel_Frequently,97364,15,3,22,5,15,No,1,4,1,3,2,No
EMP1474,28,Male,Married,Mumbai,2,Life Sciences,IT,System Admin,Non-Travel,56022,11,2,14,6,11,Yes,2,4,3,3,5,Yes
EMP1475,34,Male,Single,Kolkata,4,Technical Degree,Sales,Sales Representative,Travel_Rarely,37629,7,5,8,5,22,No,4,4,2,3,6,Yes
EMP1476,30,Male,Married,Delhi,1,Medical,Marketing,Brand Executive,Travel_Rarely,77919,16,13,21,4,22,Yes,1,2,1,3,0,Yes
EMP1477,48,Male,Married,Kolkata,4,Marketing,Finance,Accountant,Travel_Frequently,37675,6,7,14,0,24,Yes,1,3,1,3,2,Yes
EMP1478,23,Male,Married,Kolkata,2,Technical Degree,Finance,Finance Analyst,Travel_Frequently,66664,10,4,15,0,1,Yes,4,3,4,3,2,No
EMP1479,26,Male,Single,Bangalore,5,Other,Operations,Operations Analyst,Travel_Rarely,77872,17,12,18,0,18,Yes,1,1,3,3,1,Yes
EMP1480,50,Female,Single,Pune,3,Technical Degree,IT,IT Support,Travel_Rarely,33621,0,0,4,0,12,Yes,2,1,1,3,6,Yes
EMP1481,40,Female,Married,Mumbai,4,Technical Degree,Operations,Operations Analyst,Travel_Rarely,45638,2,3,11,6,12,No,3,1,2,3,0,No
EMP1482,29,Male,Single,Kolkata,4,Human Resources,IT,IT Support,Non-Travel,30651,3,0,6,2,25,No,4,1,1,3,3,No
EMP1483,22,Male,Married,Kolkata,1,Technical Degree,Sales,Sales Executive,Travel_Rarely,64609,12,5,18,7,11,No,2,3,1,3,3,No
EMP1484,43,Female,Married,Delhi,1,Other,IT,Software Engineer,Non-Travel,62940,5,2,13,4,28,No,4,4,4,3,4,Yes
EMP1485,38,Male,Divorced,Kolkata,4,Other,IT,System Admin,Travel_Frequently,56348,13,5,22,1,8,No,4,4,4,3,2,No
EMP1486,28,Male,Single,Chennai,2,Life Sciences,Operations,Operations Manager,Non-Travel,76866,4,0,13,4,28,Yes,1,2,2,3,2,Yes
EMP1487,46,Female,Married,Pune,3,Technical Degree,Sales,Sales Representative,Non-Travel,50371,15,12,25,2,7,No,1,4,4,4,0,No
EMP1488,25,Male,Married,Mumbai,1,Human Resources,Sales,Sales Manager,Travel_Rarely,99998,14,0,24,0,23,No,2,3,1,3,5,No
EMP1489,57,Female,Married,Mumbai,2,Technical Degree,HR,HR Manager,Non-Travel,93615,14,14,22,2,21,No,4,3,1,3,3,No
EMP1490,27,Female,Single,Delhi,5,Marketing,HR,Recruiter,Travel_Rarely,32911,3,3,3,3,2,No,1,3,4,4,4,Yes
EMP1491,52,Male,Married,Bangalore,1,Marketing,Operations,Logistics Executive,Non-Travel,60010,7,0,16,3,11,No,1,2,1,3,0,No
EMP1492,40,Male,Single,Mumbai,2,Human Resources,HR,HR Executive,Travel_Frequently,72253,15,6,25,7,22,No,4,1,1,3,2,No
EMP1493,48,Male,Married,Chennai,2,Life Sciences,Finance,Accountant,Travel_Rarely,54942,15,16,19,6,10,No,2,4,2,3,3,No
EMP1494,31,Female,Single,Mumbai,3,Life Sciences,IT,Data Analyst,Travel_Frequently,53330,3,2,3,4,3,No,2,3,4,3,6,No
EMP1495,47,Female,Married,Chennai,3,Other,Finance,Accountant,Non-Travel,44864,12,9,14,4,20,No,4,3,1,3,4,No
EMP1496,40,Female,Married,Pune,5,Other,Operations,Operations Analyst,Travel_Rarely,60268,12,12,16,1,29,No,2,1,4,3,1,No
EMP1497,24,Male,Married,Pune,2,Medical,IT,System Admin,Travel_Frequently,29454,1,1,5,6,10,No,1,3,2,3,3,Yes
EMP1498,34,Female,Single,Hyderabad,2,Human Resources,Operations,Operations Analyst,Travel_Frequently,52666,2,3,7,1,28,No,4,4,4,3,4,Yes
EMP1499,49,Female,Single,Hyderabad,3,Technical Degree,IT,Data Analyst,Non-Travel,57976,7,0,12,3,27,No,1,2,1,3,0,No
